<?xml version="1.0"?>
<doc>
    <assembly>
        <name>Xamarin.Mobile</name>
    </assembly>
    <members>
        <member name="P:Xamarin.Geolocation.Position.Latitude">
            <summary>
            Gets or sets the latitude.
            </summary>
        </member>
        <member name="P:Xamarin.Geolocation.Position.Longitude">
            <summary>
            Gets or sets the longitude.
            </summary>
        </member>
        <member name="P:Xamarin.Geolocation.Position.Altitude">
            <summary>
            Gets or sets the altitude in meters relative to sea level.
            </summary>
        </member>
        <member name="P:Xamarin.Geolocation.Position.Accuracy">
            <summary>
            Gets or sets the potential position error radius in meters.
            </summary>
        </member>
        <member name="P:Xamarin.Geolocation.Position.AltitudeAccuracy">
            <summary>
            Gets or sets the potential altitude error range in meters.
            </summary>
            <remarks>
            Not supported on Android, will always read 0.
            </remarks>
        </member>
        <member name="P:Xamarin.Geolocation.Position.Heading">
            <summary>
            Gets or sets the heading in degrees relative to true North.
            </summary>
        </member>
        <member name="P:Xamarin.Geolocation.Position.Speed">
            <summary>
            Gets or sets the speed in meters per second.
            </summary>
        </member>
        <member name="F:Xamarin.Geolocation.GeolocationError.PositionUnavailable">
            <summary>
            The provider was unable to retrieve any position data.
            </summary>
        </member>
        <member name="F:Xamarin.Geolocation.GeolocationError.Unauthorized">
            <summary>
            The app is not, or no longer, authorized to receive location data.
            </summary>
        </member>
    </members>
</doc>
